documented	241	function	gama_embed_v1_abi_version	src/abi/c.zig	6
documented	464	function	gama_embed_v1_context_create	src/abi/c.zig	10
documented	747	function	gama_embed_v1_context_destroy	src/abi/c.zig	14
documented	1049	function	gama_embed_v1_resize	src/abi/c.zig	19
documented	1383	function	gama_embed_v1_key	src/abi/c.zig	25
documented	1769	function	gama_embed_v1_pointer	src/abi/c.zig	31
documented	2084	function	gama_embed_v1_needs_frame	src/abi/c.zig	37
documented	2536	function	gama_embed_v1_frame	src/abi/c.zig	44
documented	3082	function	create	src/abi/c.zig	58
documented	439	declaration	App	src/abi/context.zig	8
documented	543	member	count	src/abi/context.zig	10
documented	633	declaration	scenes	src/abi/context.zig	13
documented	834	function	connect	src/abi/context.zig	16
documented	1652	declaration	Context	src/abi/context.zig	30
documented	1773	member	allocator	src/abi/context.zig	32
documented	1882	member	app	src/abi/context.zig	35
documented	1978	member	host	src/abi/context.zig	38
documented	2081	member	drawing	src/abi/context.zig	41
documented	2168	member	busy	src/abi/context.zig	44
documented	2304	function	create	src/abi/context.zig	47
documented	3246	function	destroy	src/abi/context.zig	69
documented	3743	function	resize	src/abi/context.zig	82
documented	4030	function	key	src/abi/context.zig	89
documented	4527	function	pointer	src/abi/context.zig	98
documented	4867	function	needsFrame	src/abi/context.zig	105
documented	5180	function	frame	src/abi/context.zig	112
documented	5781	function	dimensions	src/abi/context.zig	122
documented	5986	function	admitLength	src/abi/context.zig	126
documented	6256	function	status	src/abi/context.zig	133
documented	293	declaration	Decoded	src/abi/input.zig	6
documented	479	member	semantic	src/abi/input.zig	10
documented	566	member	character	src/abi/input.zig	12
documented	688	member	control	src/abi/input.zig	14
documented	407	member	kind	src/abi/input.zig	8
documented	783	member	semantic	src/abi/input.zig	18
documented	896	member	bytes	src/abi/input.zig	21
documented	985	member	len	src/abi/input.zig	24
documented	1189	function	key	src/abi/input.zig	27
documented	1959	function	decode	src/abi/input.zig	42
documented	400	declaration	Pull	src/abi/pull.zig	7
documented	530	member	context	src/abi/pull.zig	9
documented	657	member	bytes	src/abi/pull.zig	12
documented	848	function	init	src/abi/pull.zig	15
documented	1522	function	shutdown	src/abi/pull.zig	31
documented	1972	function	frame	src/abi/pull.zig	40
documented	2430	function	key	src/abi/pull.zig	52
documented	2860	function	pointer	src/abi/pull.zig	60
documented	3289	function	resize	src/abi/pull.zig	68
documented	3601	function	needsFrame	src/abi/pull.zig	75
documented	99	declaration	Context	src/abi/root.zig	2
documented	230	declaration	Pull	src/abi/root.zig	4
documented	337	declaration	input	src/abi/root.zig	6
documented	450	declaration	admitLength	src/abi/root.zig	8
documented	577	declaration	status	src/abi/root.zig	10
documented	708	declaration	c	src/abi/root.zig	12
documented	303	function	gama_wasm_v1_init	src/abi/wasm.zig	6
documented	563	function	gama_wasm_v1_shutdown	src/abi/wasm.zig	10
documented	759	function	gama_wasm_v1_key	src/abi/wasm.zig	14
documented	1031	function	gama_wasm_v1_pointer	src/abi/wasm.zig	18
documented	1289	function	gama_wasm_v1_resize	src/abi/wasm.zig	22
documented	1531	function	gama_wasm_v1_needs_frame	src/abi/wasm.zig	26
documented	1740	function	gama_wasm_v1_frame	src/abi/wasm.zig	30
documented	1942	function	gama_wasm_v1_frame_ptr	src/abi/wasm.zig	34
documented	2210	function	gama_wasm_v1_frame_len	src/abi/wasm.zig	38
documented	401	declaration	Empty	src/core/authoring.zig	10
documented	499	declaration	tuple	src/core/authoring.zig	12
documented	606	declaration	Branch	src/core/authoring.zig	14
documented	708	declaration	ForEach	src/core/authoring.zig	16
documented	806	declaration	Views	src/core/authoring.zig	18
documented	900	declaration	stateScope	src/core/authoring.zig	20
documented	1022	declaration	render	src/core/authoring.zig	22
documented	1133	declaration	Text	src/core/authoring.zig	24
documented	1248	member	content	src/core/authoring.zig	26
documented	1340	member	style	src/core/authoring.zig	29
documented	1432	function	bold	src/core/authoring.zig	32
documented	1623	function	italic	src/core/authoring.zig	39
documented	1821	function	underline	src/core/authoring.zig	46
documented	2048	function	render	src/core/authoring.zig	53
documented	2306	declaration	Spacer	src/core/authoring.zig	58
documented	2378	member	min_length	src/core/authoring.zig	60
documented	2490	function	render	src/core/authoring.zig	63
documented	2686	declaration	Divider	src/core/authoring.zig	68
documented	2805	function	render	src/core/authoring.zig	70
documented	2984	declaration	StackOptions	src/core/authoring.zig	75
documented	3075	member	axis	src/core/authoring.zig	77
documented	3141	member	spacing	src/core/authoring.zig	79
documented	3249	member	alignment	src/core/authoring.zig	81
documented	3352	function	Stack	src/core/authoring.zig	84
documented	3504	member	content	src/core/authoring.zig	87
documented	3585	member	options	src/core/authoring.zig	90
documented	3707	function	render	src/core/authoring.zig	93
documented	4125	function	vStack	src/core/authoring.zig	100
documented	4225	member	spacing	src/core/authoring.zig	102
documented	4333	member	alignment	src/core/authoring.zig	104
documented	4662	function	hStack	src/core/authoring.zig	109
documented	4762	member	spacing	src/core/authoring.zig	111
documented	4870	member	alignment	src/core/authoring.zig	113
documented	5184	function	list	src/core/authoring.zig	118
documented	5352	function	Overlay	src/core/authoring.zig	122
documented	5500	member	content	src/core/authoring.zig	125
documented	5611	member	alignment	src/core/authoring.zig	128
documented	5746	function	render	src/core/authoring.zig	131
documented	6063	function	zStack	src/core/authoring.zig	138
documented	6956	function	Button	src/core/authoring.zig	152
documented	7119	member	label	src/core/authoring.zig	155
documented	7237	member	action	src/core/authoring.zig	158
documented	7354	function	render	src/core/authoring.zig	161
documented	7798	function	buttonTitle	src/core/authoring.zig	169
documented	8120	declaration	TextField	src/core/authoring.zig	173
documented	8237	member	value	src/core/authoring.zig	175
documented	8335	member	placeholder	src/core/authoring.zig	178
documented	8452	member	binding	src/core/authoring.zig	181
documented	8568	function	render	src/core/authoring.zig	184
documented	9473	declaration	Toggle	src/core/authoring.zig	202
documented	9566	member	title	src/core/authoring.zig	204
documented	9664	member	value	src/core/authoring.zig	207
documented	9764	member	binding	src/core/authoring.zig	210
documented	9880	function	render	src/core/authoring.zig	213
documented	10442	declaration	Checkbox	src/core/authoring.zig	221
documented	10552	declaration	Progress	src/core/authoring.zig	223
documented	10676	member	value	src/core/authoring.zig	225
documented	10784	member	total	src/core/authoring.zig	228
documented	10873	member	label	src/core/authoring.zig	231
documented	10978	member	width	src/core/authoring.zig	234
documented	11091	function	fraction	src/core/authoring.zig	237
documented	11423	function	render	src/core/authoring.zig	245
documented	12714	declaration	ProgressView	src/core/authoring.zig	265
documented	12813	declaration	VirtualWindow	src/core/authoring.zig	267
documented	12909	member	offset	src/core/authoring.zig	269
documented	12993	member	end	src/core/authoring.zig	271
documented	13099	member	capacity	src/core/authoring.zig	273
documented	13201	member	max_offset	src/core/authoring.zig	275
documented	13303	function	virtualWindow	src/core/authoring.zig	278
documented	13912	function	VirtualizedList	src/core/authoring.zig	286
documented	14080	member	data	src/core/authoring.zig	289
documented	14205	member	row_height	src/core/authoring.zig	292
documented	14324	member	identity	src/core/authoring.zig	295
documented	14454	member	content	src/core/authoring.zig	298
documented	14585	function	render	src/core/authoring.zig	301
documented	15673	function	NativeRegion	src/core/authoring.zig	315
documented	15829	member	fallback	src/core/authoring.zig	318
documented	15926	member	region_id	src/core/authoring.zig	321
documented	16030	member	focusable	src/core/authoring.zig	324
documented	16153	function	render	src/core/authoring.zig	327
documented	16751	declaration	FrameOptions	src/core/authoring.zig	336
documented	16865	member	width	src/core/authoring.zig	338
documented	16967	member	height	src/core/authoring.zig	340
documented	17078	member	alignment	src/core/authoring.zig	342
documented	17193	declaration	FlexOptions	src/core/authoring.zig	345
documented	17301	member	min_width	src/core/authoring.zig	347
documented	17409	member	max_width	src/core/authoring.zig	349
documented	17509	member	min_height	src/core/authoring.zig	351
documented	17617	member	max_height	src/core/authoring.zig	353
documented	17732	member	alignment	src/core/authoring.zig	355
documented	17845	declaration	BorderOptions	src/core/authoring.zig	358
documented	17936	member	style	src/core/authoring.zig	360
documented	18027	member	color	src/core/authoring.zig	362
documented	18128	member	title	src/core/authoring.zig	364
documented	18218	declaration	Modifier	src/core/authoring.zig	367
documented	18315	member	padding	src/core/authoring.zig	369
documented	18412	member	border	src/core/authoring.zig	371
documented	18512	member	frame	src/core/authoring.zig	373
documented	18605	member	flex_frame	src/core/authoring.zig	375
documented	18704	member	style	src/core/authoring.zig	377
documented	18813	member	background	src/core/authoring.zig	379
documented	18907	function	Modified	src/core/authoring.zig	382
documented	19045	member	content	src/core/authoring.zig	385
documented	19165	member	modifier	src/core/authoring.zig	388
documented	19284	function	render	src/core/authoring.zig	391
documented	20470	function	padding	src/core/authoring.zig	407
documented	20674	function	paddingAll	src/core/authoring.zig	411
documented	20927	function	border	src/core/authoring.zig	415
documented	21192	function	frame	src/core/authoring.zig	419
documented	21413	function	flexFrame	src/core/authoring.zig	423
documented	21647	function	styled	src/core/authoring.zig	427
documented	21859	function	foregroundColor	src/core/authoring.zig	431
documented	22076	function	background	src/core/authoring.zig	435
documented	22291	declaration	EnvChange	src/core/authoring.zig	439
documented	22401	member	disabled	src/core/authoring.zig	441
documented	22484	member	action_identity	src/core/authoring.zig	443
documented	22597	member	transform	src/core/authoring.zig	445
documented	22697	function	EnvironmentView	src/core/authoring.zig	448
documented	22847	member	content	src/core/authoring.zig	451
documented	22933	member	change	src/core/authoring.zig	454
documented	23051	function	render	src/core/authoring.zig	457
documented	23539	function	disabled	src/core/authoring.zig	469
documented	23777	function	actionIdentity	src/core/authoring.zig	473
documented	24036	function	environment	src/core/authoring.zig	477
documented	24332	declaration	WindowContext	src/core/authoring.zig	481
documented	24434	function	WindowContextReader	src/core/authoring.zig	483
documented	24586	member	content	src/core/authoring.zig	486
documented	24723	function	render	src/core/authoring.zig	489
documented	294	function	validateComponent	src/core/composition.zig	7
documented	654	function	render	src/core/composition.zig	12
documented	885	declaration	Empty	src/core/composition.zig	18
documented	1002	function	render	src/core/composition.zig	20
documented	1181	function	Tuple	src/core/composition.zig	25
documented	1337	member	children	src/core/composition.zig	28
documented	1449	function	render	src/core/composition.zig	31
documented	2020	function	tuple	src/core/composition.zig	44
documented	2189	function	Branch	src/core/composition.zig	48
documented	2498	member	first	src/core/composition.zig	53
documented	2610	member	second	src/core/composition.zig	55
documented	2380	member	value	src/core/composition.zig	51
documented	2736	function	render	src/core/composition.zig	59
documented	3257	function	Scoped	src/core/composition.zig	74
documented	3402	member	content	src/core/composition.zig	77
documented	3524	member	id	src/core/composition.zig	80
documented	3635	function	render	src/core/composition.zig	83
documented	3896	function	stateScope	src/core/composition.zig	90
documented	4095	function	ForEach	src/core/composition.zig	94
documented	4267	member	data	src/core/composition.zig	97
documented	4368	member	start_index	src/core/composition.zig	100
documented	4467	member	content	src/core/composition.zig	103
documented	4594	member	identity	src/core/composition.zig	106
documented	4736	function	render	src/core/composition.zig	109
documented	5508	function	Views	src/core/composition.zig	124
documented	5649	member	values	src/core/composition.zig	127
documented	5767	function	render	src/core/composition.zig	130
documented	6242	function	flatten	src/core/composition.zig	141
documented	416	declaration	Error	src/core/context.zig	9
documented	610	declaration	BindingToken	src/core/context.zig	12
documented	729	declaration	Shortcut	src/core/context.zig	14
documented	870	declaration	ActionIdentity	src/core/context.zig	16
documented	979	member	id	src/core/context.zig	18
documented	1067	member	shortcut	src/core/context.zig	20
documented	1190	declaration	WindowContext	src/core/context.zig	23
documented	1305	member	instance_id	src/core/context.zig	25
documented	1422	function	open	src/core/context.zig	28
documented	1593	function	dismiss	src/core/context.zig	33
documented	1731	declaration	Environment	src/core/context.zig	38
documented	1831	member	enabled	src/core/context.zig	40
documented	1931	member	action_identity	src/core/context.zig	42
documented	2062	member	window_context	src/core/context.zig	44
documented	2262	declaration	Action	src/core/context.zig	48
documented	2372	member	capture	src/core/context.zig	50
documented	2477	member	invoke_fn	src/core/context.zig	53
documented	2749	function	invoke	src/core/context.zig	57
documented	2949	declaration	KeyAction	src/core/context.zig	62
documented	3069	member	capture	src/core/context.zig	64
documented	3185	member	invoke_fn	src/core/context.zig	67
documented	3349	declaration	Validity	src/core/context.zig	70
documented	3457	member	owner	src/core/context.zig	72
documented	3570	member	check	src/core/context.zig	74
documented	3711	declaration	Registration	src/core/context.zig	77
documented	3856	function	validate	src/core/context.zig	79
documented	4212	member	validity	src/core/context.zig	88
documented	4316	member	id	src/core/context.zig	90
documented	4386	member	handler	src/core/context.zig	92
documented	4105	member	key_handler	src/core/context.zig	86
documented	4587	member	validity	src/core/context.zig	98
documented	4691	member	id	src/core/context.zig	100
documented	4781	member	action	src/core/context.zig	102
documented	4886	member	identity	src/core/context.zig	104
documented	4488	member	action	src/core/context.zig	96
documented	5095	member	validity	src/core/context.zig	110
documented	5202	member	id	src/core/context.zig	112
documented	5308	member	binding	src/core/context.zig	114
documented	5423	member	cursor_slot	src/core/context.zig	116
documented	5000	member	text_field	src/core/context.zig	108
documented	5596	member	validity	src/core/context.zig	122
documented	5683	member	id	src/core/context.zig	124
documented	5789	member	binding	src/core/context.zig	126
documented	5894	member	identity	src/core/context.zig	128
documented	5504	member	toggle	src/core/context.zig	120
documented	6116	member	validity	src/core/context.zig	134
documented	6211	member	id	src/core/context.zig	136
documented	6328	member	slot	src/core/context.zig	138
documented	6445	member	capacity	src/core/context.zig	140
documented	6542	member	max_offset	src/core/context.zig	142
documented	6012	member	virtual_list	src/core/context.zig	132
documented	6753	member	validity	src/core/context.zig	148
documented	6863	member	id	src/core/context.zig	150
documented	6956	member	region_id	src/core/context.zig	152
documented	6642	member	native_region	src/core/context.zig	146
documented	7175	declaration	Hooks	src/core/context.zig	157
documented	7287	member	host	src/core/context.zig	159
documented	7401	member	register_fn	src/core/context.zig	162
documented	7546	member	state_fn	src/core/context.zig	165
documented	7758	member	store	src/core/context.zig	168
documented	7869	member	offset_fn	src/core/context.zig	171
documented	8027	declaration	FrameStorage	src/core/context.zig	174
documented	8178	member	next	src/core/context.zig	177
documented	8282	member	value	src/core/context.zig	179
documented	8385	member	release	src/core/context.zig	181
documented	8523	member	cleanups	src/core/context.zig	185
documented	8665	member	arena	src/core/context.zig	188
documented	8795	function	init	src/core/context.zig	191
documented	8998	function	deinit	src/core/context.zig	196
documented	9355	function	context	src/core/context.zig	206
documented	9569	declaration	BuildContext	src/core/context.zig	211
documented	9704	member	storage	src/core/context.zig	213
documented	9833	member	allocator	src/core/context.zig	216
documented	9953	member	id	src/core/context.zig	219
documented	10050	member	inherited_style	src/core/context.zig	222
documented	10177	member	environment	src/core/context.zig	225
documented	10285	member	focus	src/core/context.zig	228
documented	10378	member	surface_size	src/core/context.zig	231
documented	10488	member	hooks	src/core/context.zig	234
documented	10594	function	child	src/core/context.zig	237
documented	10819	function	scoped	src/core/context.zig	244
documented	11027	function	copyText	src/core/context.zig	251
documented	11318	function	box	src/core/context.zig	256
documented	11572	function	retain	src/core/context.zig	262
documented	12799	function	retainChildren	src/core/context.zig	285
documented	13358	function	action	src/core/context.zig	293
documented	14773	function	keyHandler	src/core/context.zig	320
documented	15362	function	register	src/core/context.zig	330
documented	16249	function	state	src/core/context.zig	349
documented	16745	function	offset	src/core/context.zig	356
documented	17030	function	validateCapture	src/core/context.zig	362
documented	18135	function	cloneCapture	src/core/context.zig	387
documented	19245	function	deinitCapture	src/core/context.zig	409
documented	154	function	satAdd	src/core/geometry.zig	3
documented	283	function	satSub	src/core/geometry.zig	7
documented	411	declaration	Point	src/core/geometry.zig	11
documented	516	member	x	src/core/geometry.zig	13
documented	605	member	y	src/core/geometry.zig	16
documented	694	function	add	src/core/geometry.zig	19
documented	887	function	subtract	src/core/geometry.zig	24
documented	1094	declaration	Size	src/core/geometry.zig	29
documented	1220	member	width	src/core/geometry.zig	31
documented	1335	member	height	src/core/geometry.zig	34
documented	1442	function	clamped	src/core/geometry.zig	37
documented	1712	declaration	EdgeInsets	src/core/geometry.zig	42
documented	1790	member	top	src/core/geometry.zig	44
documented	1850	member	leading	src/core/geometry.zig	47
documented	1915	member	bottom	src/core/geometry.zig	50
documented	1979	member	trailing	src/core/geometry.zig	53
documented	2058	function	horizontal	src/core/geometry.zig	56
documented	2212	function	vertical	src/core/geometry.zig	61
documented	2384	declaration	Rect	src/core/geometry.zig	66
documented	2450	member	origin	src/core/geometry.zig	68
documented	2567	member	size	src/core/geometry.zig	71
documented	2640	declaration	zero	src/core/geometry.zig	74
documented	2723	function	minX	src/core/geometry.zig	77
documented	2843	function	minY	src/core/geometry.zig	82
documented	2975	function	maxX	src/core/geometry.zig	87
documented	3142	function	maxY	src/core/geometry.zig	92
documented	3330	function	contains	src/core/geometry.zig	97
documented	3563	function	intersection	src/core/geometry.zig	102
documented	4056	function	inset	src/core/geometry.zig	112
documented	4451	declaration	ProposedSize	src/core/geometry.zig	117
documented	4548	member	width	src/core/geometry.zig	119
documented	4633	member	height	src/core/geometry.zig	122
documented	4733	function	replacingUnspecified	src/core/geometry.zig	125
documented	4995	declaration	Axis	src/core/geometry.zig	131
documented	5058	member	horizontal	src/core/geometry.zig	133
documented	5109	member	vertical	src/core/geometry.zig	135
documented	5167	declaration	HorizontalAlignment	src/core/geometry.zig	138
documented	5242	member	leading	src/core/geometry.zig	140
documented	5284	member	center	src/core/geometry.zig	142
documented	5329	member	trailing	src/core/geometry.zig	144
documented	5386	declaration	VerticalAlignment	src/core/geometry.zig	147
documented	5460	member	top	src/core/geometry.zig	149
documented	5496	member	center	src/core/geometry.zig	151
documented	5541	member	bottom	src/core/geometry.zig	153
documented	5609	declaration	Alignment	src/core/geometry.zig	156
documented	5701	member	horizontal	src/core/geometry.zig	158
documented	5806	member	vertical	src/core/geometry.zig	161
documented	5879	declaration	center	src/core/geometry.zig	164
documented	5959	declaration	top_leading	src/core/geometry.zig	167
documented	6087	declaration	bottom_trailing	src/core/geometry.zig	170
documented	601	declaration	Completion	src/core/host.zig	13
documented	688	member	code	src/core/host.zig	15
documented	792	member	message	src/core/host.zig	18
documented	892	function	success	src/core/host.zig	21
documented	1027	function	failure	src/core/host.zig	25
documented	1232	function	failureValidated	src/core/host.zig	30
documented	1426	function	succeeded	src/core/host.zig	35
documented	1582	declaration	FailureExitCode	src/core/host.zig	40
documented	1724	member	value	src/core/host.zig	42
documented	1785	declaration	general	src/core/host.zig	45
documented	1938	function	init	src/core/host.zig	48
documented	2157	declaration	Lifecycle	src/core/host.zig	53
documented	2336	member	did_launch	src/core/host.zig	57
documented	2405	member	will_terminate	src/core/host.zig	59
documented	2466	member	window_opened	src/core/host.zig	61
documented	2544	member	window_close_requested	src/core/host.zig	63
documented	2613	member	window_closed	src/core/host.zig	65
documented	2273	member	kind	src/core/host.zig	55
documented	2713	member	scene	src/core/host.zig	69
documented	2807	member	instance	src/core/host.zig	72
documented	2920	declaration	Key	src/core/host.zig	75
documented	3067	declaration	Event	src/core/host.zig	77
documented	3162	member	key	src/core/host.zig	79
documented	3351	member	button	src/core/host.zig	83
documented	3481	member	pressed	src/core/host.zig	85
documented	3248	member	gamepad	src/core/host.zig	81
documented	3559	member	activate	src/core/host.zig	88
documented	3765	member	id	src/core/host.zig	92
documented	3857	member	focusable	src/core/host.zig	94
documented	3661	member	pointer_press	src/core/host.zig	90
documented	3968	member	pointer	src/core/host.zig	97
documented	4069	member	pointer_release	src/core/host.zig	99
documented	4168	member	tick	src/core/host.zig	101
documented	4253	member	resize	src/core/host.zig	103
documented	4326	member	lifecycle	src/core/host.zig	105
documented	4453	function	Implementation	src/core/host.zig	108
documented	4709	member	registration	src/core/host.zig	113
documented	4848	member	state	src/core/host.zig	115
documented	5044	member	frame	src/core/host.zig	119
documented	5166	member	generation	src/core/host.zig	122
documented	5269	member	node	src/core/host.zig	125
documented	5388	member	tree	src/core/host.zig	128
documented	5544	member	output	src/core/host.zig	131
documented	5671	member	staged	src/core/host.zig	134
documented	5775	member	regions	src/core/host.zig	137
documented	5900	member	native_regions	src/core/host.zig	140
documented	6053	member	duplicate_native_regions	src/core/host.zig	143
documented	6203	member	registrations	src/core/host.zig	146
documented	6339	member	focusable	src/core/host.zig	149
documented	6464	member	interactive	src/core/host.zig	152
documented	6599	member	duplicates	src/core/host.zig	155
documented	6739	member	replaced	src/core/host.zig	158
documented	6873	member	focus	src/core/host.zig	161
documented	6977	declaration	Region	src/core/host.zig	165
documented	7086	member	id	src/core/host.zig	167
documented	7171	member	frame	src/core/host.zig	169
documented	7276	member	focusable	src/core/host.zig	171
documented	7399	declaration	NativeRegion	src/core/host.zig	175
documented	7520	member	id	src/core/host.zig	177
documented	7635	member	region_id	src/core/host.zig	179
documented	7741	member	frame	src/core/host.zig	181
documented	7887	declaration	Preparation	src/core/host.zig	184
documented	8024	member	tree	src/core/host.zig	186
documented	8154	member	allocator	src/core/host.zig	188
documented	8330	member	active	src/core/host.zig	192
documented	8458	member	attached	src/core/host.zig	195
documented	8577	member	can_cancel	src/core/host.zig	198
documented	8751	member	signal	src/core/host.zig	201
documented	8879	member	token	src/core/host.zig	204
documented	9004	member	check	src/core/host.zig	207
documented	9168	member	cancel	src/core/host.zig	210
documented	9357	declaration	PreparedFrame	src/core/host.zig	214
documented	9486	member	owner	src/core/host.zig	216
documented	9598	member	generation	src/core/host.zig	219
documented	9713	function	node	src/core/host.zig	222
documented	9939	function	tree	src/core/host.zig	227
documented	10277	function	stage	src/core/host.zig	232
documented	11092	function	deliver	src/core/host.zig	246
documented	11853	function	finish	src/core/host.zig	260
documented	12219	function	allocator	src/core/host.zig	266
documented	12491	function	commit	src/core/host.zig	271
documented	12709	function	abort	src/core/host.zig	276
documented	12934	declaration	ActionHandle	src/core/host.zig	282
documented	13062	member	owner	src/core/host.zig	284
documented	13170	member	generation	src/core/host.zig	287
documented	13274	member	id	src/core/host.zig	290
documented	13394	function	invoke	src/core/host.zig	293
documented	13883	member	guard	src/core/host.zig	303
documented	13985	member	allocator	src/core/host.zig	306
documented	14089	member	app	src/core/host.zig	309
documented	14181	member	graph	src/core/host.zig	312
documented	14297	member	store	src/core/host.zig	315
documented	14389	member	busy	src/core/host.zig	318
documented	14506	member	application_callback	src/core/host.zig	321
documented	14634	member	constructing	src/core/host.zig	324
documented	14758	member	dirty	src/core/host.zig	327
documented	14853	member	wants_quit	src/core/host.zig	330
documented	14949	member	size	src/core/host.zig	333
documented	15055	member	focus	src/core/host.zig	336
documented	15172	member	instance_id	src/core/host.zig	339
documented	15278	member	next_generation	src/core/host.zig	342
documented	15391	member	candidate	src/core/host.zig	345
documented	15520	member	published	src/core/host.zig	348
documented	15633	member	subscriptions	src/core/host.zig	351
documented	15784	member	completion	src/core/host.zig	354
documented	15893	member	lines	src/core/host.zig	357
documented	16066	function	create	src/core/host.zig	360
documented	17480	function	destroy	src/core/host.zig	393
documented	18741	function	checkExecutor	src/core/host.zig	422
documented	18910	function	notifyInvalidation	src/core/host.zig	427
documented	19122	function	invalidate	src/core/host.zig	433
documented	19357	function	needsFrame	src/core/host.zig	440
documented	19548	function	wantsQuit	src/core/host.zig	446
documented	19788	function	completionStatus	src/core/host.zig	452
documented	20400	function	prepare	src/core/host.zig	463
documented	23690	function	commit	src/core/host.zig	528
documented	24283	function	abort	src/core/host.zig	543
documented	24716	function	rebuild	src/core/host.zig	553
documented	24945	function	currentNode	src/core/host.zig	558
documented	25191	function	duplicateInteractiveIDs	src/core/host.zig	564
documented	25494	function	transientStateIDs	src/core/host.zig	570
documented	31278	function	duplicateNativeRegionIDs	src/core/host.zig	683
documented	31582	function	currentTree	src/core/host.zig	688
documented	31863	function	currentOutput	src/core/host.zig	694
documented	32111	function	nativeRegions	src/core/host.zig	700
documented	32370	function	focusedID	src/core/host.zig	706
documented	32560	function	currentSize	src/core/host.zig	712
documented	34456	function	actionHandle	src/core/host.zig	755
documented	37190	function	perform	src/core/host.zig	823
documented	42577	function	handle	src/core/host.zig	924
documented	47178	function	bind	src/core/host.zig	1026
documented	47843	function	observe	src/core/host.zig	1038
documented	51456	function	cancelAll	src/core/host.zig	1098
documented	53450	function	complete	src/core/host.zig	1133
documented	54095	function	emit	src/core/host.zig	1144
documented	54562	function	pendingLines	src/core/host.zig	1153
documented	54797	function	consumeLines	src/core/host.zig	1158
documented	55328	function	drain	src/core/host.zig	1167
documented	184	declaration	NodeID	src/core/identity.zig	3
documented	301	member	raw	src/core/identity.zig	5
documented	386	declaration	root	src/core/identity.zig	8
documented	529	function	child	src/core/identity.zig	11
documented	142	declaration	Shortcut	src/core/input.zig	3
documented	229	member	codepoint	src/core/input.zig	5
documented	283	member	control	src/core/input.zig	7
documented	347	member	alt	src/core/input.zig	9
documented	402	member	shift	src/core/input.zig	11
documented	507	declaration	Key	src/core/input.zig	14
documented	620	member	character	src/core/input.zig	16
documented	704	member	function	src/core/input.zig	18
documented	766	member	shortcut	src/core/input.zig	20
documented	827	member	enter	src/core/input.zig	22
documented	868	member	space	src/core/input.zig	24
documented	931	member	tab	src/core/input.zig	26
documented	993	member	back_tab	src/core/input.zig	28
documented	1053	member	left	src/core/input.zig	30
documented	1110	member	right	src/core/input.zig	32
documented	1169	member	up	src/core/input.zig	34
documented	1227	member	down	src/core/input.zig	36
documented	1291	member	home	src/core/input.zig	38
documented	1349	member	end	src/core/input.zig	40
documented	1404	member	page_up	src/core/input.zig	42
documented	1461	member	page_down	src/core/input.zig	44
documented	1510	member	backspace	src/core/input.zig	46
documented	1558	member	delete	src/core/input.zig	48
documented	1597	member	escape	src/core/input.zig	50
documented	1667	member	quit	src/core/input.zig	52
documented	1767	declaration	GamepadButton	src/core/input.zig	55
documented	1866	member	south	src/core/input.zig	57
documented	1935	member	east	src/core/input.zig	60
documented	2020	member	west	src/core/input.zig	63
documented	2104	member	north	src/core/input.zig	66
documented	2151	member	dpad_up	src/core/input.zig	69
documented	2202	member	dpad_down	src/core/input.zig	72
documented	2255	member	dpad_left	src/core/input.zig	75
documented	2309	member	dpad_right	src/core/input.zig	78
documented	2356	member	left_shoulder	src/core/input.zig	81
documented	2407	member	right_shoulder	src/core/input.zig	84
documented	2455	member	start	src/core/input.zig	87
documented	2495	member	select	src/core/input.zig	90
documented	2588	function	semanticKey	src/core/input.zig	93
documented	621	declaration	Metrics	src/core/layout.zig	12
documented	741	member	context	src/core/layout.zig	14
documented	866	member	units_fn	src/core/layout.zig	17
documented	1031	member	text_fn	src/core/layout.zig	20
documented	1233	member	control_fn	src/core/layout.zig	23
documented	1401	member	divider_thickness	src/core/layout.zig	26
documented	1503	function	units	src/core/layout.zig	29
documented	2315	declaration	LaidNode	src/core/layout.zig	43
documented	2419	member	node	src/core/layout.zig	45
documented	2490	member	frame	src/core/layout.zig	47
documented	2597	member	children	src/core/layout.zig	49
documented	4092	function	measure	src/core/layout.zig	79
documented	9544	function	place	src/core/layout.zig	175
documented	390	declaration	Node	src/core/node.zig	7
documented	471	member	empty	src/core/node.zig	9
documented	645	member	content	src/core/node.zig	14
documented	739	member	style	src/core/node.zig	16
documented	547	member	text	src/core/node.zig	12
documented	852	member	group	src/core/node.zig	20
documented	1048	member	axis	src/core/node.zig	25
documented	1122	member	spacing	src/core/node.zig	27
documented	1238	member	alignment	src/core/node.zig	29
documented	1362	member	children	src/core/node.zig	31
documented	958	member	stack	src/core/node.zig	23
documented	1576	member	alignment	src/core/node.zig	37
documented	1710	member	children	src/core/node.zig	39
documented	1460	member	overlay	src/core/node.zig	35
documented	1814	member	spacer	src/core/node.zig	43
documented	1983	member	style	src/core/node.zig	48
documented	2124	member	axis	src/core/node.zig	50
documented	1893	member	divider	src/core/node.zig	46
documented	2304	member	insets	src/core/node.zig	56
documented	2406	member	child	src/core/node.zig	58
documented	2214	member	padding	src/core/node.zig	54
documented	2580	member	style	src/core/node.zig	64
documented	2686	member	text_style	src/core/node.zig	66
documented	2802	member	title	src/core/node.zig	68
documented	2887	member	child	src/core/node.zig	70
documented	2511	member	border	src/core/node.zig	62
documented	3074	member	color	src/core/node.zig	76
documented	3162	member	child	src/core/node.zig	78
documented	2986	member	background	src/core/node.zig	74
documented	3352	member	width	src/core/node.zig	84
documented	3450	member	height	src/core/node.zig	86
documented	3569	member	alignment	src/core/node.zig	88
documented	3676	member	child	src/core/node.zig	90
documented	3260	member	frame	src/core/node.zig	82
documented	3838	member	min_width	src/core/node.zig	96
documented	3949	member	max_width	src/core/node.zig	98
documented	4027	member	min_height	src/core/node.zig	100
documented	4138	member	max_height	src/core/node.zig	102
documented	4261	member	alignment	src/core/node.zig	104
documented	4367	member	child	src/core/node.zig	106
documented	3764	member	flex_frame	src/core/node.zig	94
documented	4565	member	style	src/core/node.zig	112
documented	4651	member	child	src/core/node.zig	114
documented	4479	member	styled	src/core/node.zig	110
documented	4885	member	id	src/core/node.zig	120
documented	4977	member	focusable	src/core/node.zig	122
documented	5081	member	child	src/core/node.zig	124
documented	4780	member	interactive	src/core/node.zig	118
documented	5187	function	flexPriority	src/core/node.zig	128
documented	340	declaration	Outcome	src/core/pump.zig	6
documented	424	member	produced	src/core/pump.zig	8
documented	542	member	follow_up	src/core/pump.zig	10
documented	663	function	Implementation	src/core/pump.zig	13
documented	826	member	host	src/core/pump.zig	16
documented	961	function	handle	src/core/pump.zig	20
documented	1254	function	advance	src/core/pump.zig	25
documented	279	declaration	Role	src/core/scenes.zig	6
documented	382	member	primary	src/core/scenes.zig	8
documented	463	member	auxiliary	src/core/scenes.zig	10
documented	547	declaration	Launch	src/core/scenes.zig	13
documented	651	member	open_at_launch	src/core/scenes.zig	15
documented	731	member	on_demand	src/core/scenes.zig	17
documented	844	declaration	InitialPayload	src/core/scenes.zig	20
documented	933	member	not_required	src/core/scenes.zig	22
documented	1007	member	absent	src/core/scenes.zig	24
documented	1066	member	present	src/core/scenes.zig	26
documented	1154	declaration	ValidationError	src/core/scenes.zig	29
documented	1247	error	DuplicateSceneID	src/core/scenes.zig	31
documented	1339	error	MissingInitialPayload	src/core/scenes.zig	33
documented	1407	error	MissingPrimaryScene	src/core/scenes.zig	35
documented	1484	error	MultiplePrimaryScenes	src/core/scenes.zig	37
documented	1572	function	Descriptor	src/core/scenes.zig	40
documented	1728	member	id	src/core/scenes.zig	43
documented	1831	member	role	src/core/scenes.zig	46
documented	1958	member	launch	src/core/scenes.zig	49
documented	2061	member	initial_payload	src/core/scenes.zig	52
documented	2220	member	render	src/core/scenes.zig	55
documented	2369	function	resolvedLaunch	src/core/scenes.zig	58
documented	2600	function	validate	src/core/scenes.zig	64
documented	3404	function	Graph	src/core/scenes.zig	80
documented	3559	member	allocator	src/core/scenes.zig	83
documented	3693	member	descriptors	src/core/scenes.zig	86
documented	3801	member	primary	src/core/scenes.zig	89
documented	3938	function	init	src/core/scenes.zig	92
documented	4732	function	deinit	src/core/scenes.zig	107
documented	5022	function	renderPrimary	src/core/scenes.zig	114
documented	5293	function	collect	src/core/scenes.zig	120
documented	320	declaration	Token	src/core/signal.zig	6
documented	425	member	owner	src/core/signal.zig	8
documented	533	member	generation	src/core/signal.zig	10
documented	739	function	SignalRef	src/core/signal.zig	14
documented	869	declaration	Value	src/core/signal.zig	17
documented	977	member	owner	src/core/signal.zig	20
documented	1091	member	read_fn	src/core/signal.zig	23
documented	1245	member	set_fn	src/core/signal.zig	26
documented	1476	function	read	src/core/signal.zig	30
documented	1801	function	set	src/core/signal.zig	36
documented	2005	function	Implementation	src/core/signal.zig	42
documented	2258	member	id	src/core/signal.zig	47
documented	2386	member	alive	src/core/signal.zig	50
documented	2520	member	capture	src/core/signal.zig	53
documented	2641	member	invoke	src/core/signal.zig	56
documented	2805	member	release	src/core/signal.zig	59
documented	2979	member	owner_release	src/core/signal.zig	62
documented	3167	member	guard	src/core/signal.zig	66
documented	3280	member	allocator	src/core/signal.zig	69
documented	3416	member	value	src/core/signal.zig	72
documented	3520	member	observers	src/core/signal.zig	75
documented	3651	member	next_id	src/core/signal.zig	78
documented	3741	member	notifying	src/core/signal.zig	81
documented	3852	member	snapshot_cutoff	src/core/signal.zig	84
documented	3957	member	editing	src/core/signal.zig	87
documented	4102	function	create	src/core/signal.zig	90
documented	4518	function	destroy	src/core/signal.zig	99
documented	5046	function	reference	src/core/signal.zig	111
documented	5609	function	read	src/core/signal.zig	123
documented	6011	function	set	src/core/signal.zig	131
documented	7360	function	setIfChanged	src/core/signal.zig	163
documented	8013	function	observe	src/core/signal.zig	174
documented	9415	function	observeOwner	src/core/signal.zig	198
documented	9811	function	observeOwnerTracked	src/core/signal.zig	204
documented	11199	function	canObserveOwner	src/core/signal.zig	222
documented	11454	function	canDetachOwner	src/core/signal.zig	227
documented	11938	function	cancel	src/core/signal.zig	236
documented	553	declaration	Error	src/core/state.zig	8
documented	692	error	InvalidDisposition	src/core/state.zig	10
documented	812	error	UnverifiableDisposition	src/core/state.zig	12
documented	914	error	TerminalBusy	src/core/state.zig	14
documented	1012	error	TerminalInterrupted	src/core/state.zig	16
documented	1116	error	OutputStalled	src/core/state.zig	18
documented	1207	error	EndOfInput	src/core/state.zig	20
documented	1291	error	DuplicatePlugin	src/core/state.zig	22
documented	1384	error	ABIMismatch	src/core/state.zig	24
documented	1472	error	MissingRequiredCapability	src/core/state.zig	26
documented	1568	error	ServiceUnavailable	src/core/state.zig	28
documented	1663	error	ActivationFailed	src/core/state.zig	30
documented	1786	error	PrimarySceneContribution	src/core/state.zig	32
documented	1904	error	AccessDenied	src/core/state.zig	34
documented	2005	error	IOFailure	src/core/state.zig	36
documented	2094	error	LimitExceeded	src/core/state.zig	38
documented	2179	error	Canceled	src/core/state.zig	40
documented	2260	error	InvalidLimit	src/core/state.zig	42
documented	2356	error	InvalidClock	src/core/state.zig	44
documented	2464	error	FrameTooLarge	src/core/state.zig	46
documented	2562	error	Truncated	src/core/state.zig	48
documented	2636	error	BadMagic	src/core/state.zig	50
documented	2710	error	UnsupportedVersion	src/core/state.zig	52
documented	2783	error	NegativeDimensions	src/core/state.zig	54
documented	2878	error	CommandCountOverflow	src/core/state.zig	56
documented	2955	error	UnknownCommandKind	src/core/state.zig	58
documented	3039	error	NegativeRect	src/core/state.zig	60
documented	3130	error	TrailingBytes	src/core/state.zig	62
documented	3220	error	OutOfMemory	src/core/state.zig	64
documented	3289	error	InvalidUtf8	src/core/state.zig	66
documented	3393	error	InvalidHandle	src/core/state.zig	68
documented	3491	error	Unavailable	src/core/state.zig	70
documented	3603	error	CollectionTooLarge	src/core/state.zig	72
documented	3709	error	WrongThread	src/core/state.zig	74
documented	3818	error	Reentrant	src/core/state.zig	76
documented	3920	error	GenerationExhausted	src/core/state.zig	78
documented	4029	error	InvalidTransaction	src/core/state.zig	80
documented	4137	error	InvalidCharacter	src/core/state.zig	82
documented	4250	error	TextTooLarge	src/core/state.zig	84
documented	4322	error	DuplicateSceneID	src/core/state.zig	86
documented	4414	error	MissingInitialPayload	src/core/state.zig	88
documented	4482	error	MissingPrimaryScene	src/core/state.zig	90
documented	4559	error	MultiplePrimaryScenes	src/core/state.zig	92
documented	4652	declaration	Executor	src/core/state.zig	95
documented	4775	member	context	src/core/state.zig	97
documented	4879	member	check_fn	src/core/state.zig	100
documented	5027	function	check	src/core/state.zig	103
documented	5197	declaration	SingleExecutor	src/core/state.zig	108
documented	5323	function	init	src/core/state.zig	110
documented	5473	function	check	src/core/state.zig	115
documented	5628	function	executor	src/core/state.zig	118
documented	5992	declaration	BindingToken	src/core/state.zig	126
documented	6104	member	owner	src/core/state.zig	128
documented	6194	member	index	src/core/state.zig	130
documented	6295	member	generation	src/core/state.zig	132
documented	6402	declaration	String	src/core/state.zig	135
documented	6539	member	bytes	src/core/state.zig	137
documented	6633	function	eql	src/core/state.zig	140
documented	6836	function	clone	src/core/state.zig	145
documented	7121	function	deinit	src/core/state.zig	151
documented	7296	function	validateValue	src/core/state.zig	156
documented	8285	function	clone	src/core/state.zig	174
documented	9211	function	deinit	src/core/state.zig	195
documented	9443	declaration	ValueOps	src/core/state.zig	199
documented	9528	member	name	src/core/state.zig	201
documented	9625	member	create	src/core/state.zig	204
documented	9788	member	replace	src/core/state.zig	207
documented	9949	member	release	src/core/state.zig	210
documented	10097	function	ops	src/core/state.zig	213
documented	11092	declaration	Store	src/core/state.zig	236
documented	11245	member	id	src/core/state.zig	239
documented	11362	member	slot	src/core/state.zig	241
documented	11457	member	generation	src/core/state.zig	243
documented	11581	member	value	src/core/state.zig	245
documented	11679	member	operations	src/core/state.zig	247
documented	11802	member	committed	src/core/state.zig	249
documented	11908	member	seen	src/core/state.zig	251
documented	12025	member	external	src/core/state.zig	253
documented	12180	member	source	src/core/state.zig	257
documented	12290	member	read	src/core/state.zig	259
documented	12427	member	write	src/core/state.zig	261
documented	12580	member	release	src/core/state.zig	263
documented	12728	member	allocator	src/core/state.zig	267
documented	12827	member	executor	src/core/state.zig	270
documented	12922	member	dirty	src/core/state.zig	273
documented	13032	member	entries	src/core/state.zig	276
documented	13162	member	next_generation	src/core/state.zig	279
documented	13244	member	staging	src/core/state.zig	282
documented	13346	member	editing	src/core/state.zig	285
documented	13469	member	external_writing	src/core/state.zig	288
documented	13596	function	bindSignal	src/core/state.zig	290
documented	15790	function	revokeSignal	src/core/state.zig	327
documented	16280	function	begin	src/core/state.zig	338
documented	16599	function	nextPass	src/core/state.zig	345
documented	16900	function	resolve	src/core/state.zig	352
documented	19030	function	get	src/core/state.zig	392
documented	20030	function	set	src/core/state.zig	406
documented	20878	function	finish	src/core/state.zig	422
documented	21488	function	deinit	src/core/state.zig	438
documented	22090	function	StateRef	src/core/state.zig	449
documented	22219	declaration	Value	src/core/state.zig	452
documented	22327	member	owner	src/core/state.zig	455
documented	22442	member	token	src/core/state.zig	458
documented	22587	function	read	src/core/state.zig	461
documented	23070	function	set	src/core/state.zig	468
documented	23298	function	binding	src/core/state.zig	473
documented	165	declaration	Color	src/core/style.zig	4
documented	265	member	r	src/core/style.zig	6
documented	352	member	g	src/core/style.zig	9
documented	438	member	b	src/core/style.zig	12
documented	536	member	is_default	src/core/style.zig	15
documented	651	function	init	src/core/style.zig	18
documented	855	declaration	default	src/core/style.zig	23
documented	924	declaration	black	src/core/style.zig	26
documented	1000	declaration	white	src/core/style.zig	29
documented	1080	declaration	red	src/core/style.zig	32
documented	1157	declaration	green	src/core/style.zig	35
documented	1237	declaration	blue	src/core/style.zig	38
documented	1316	declaration	yellow	src/core/style.zig	41
documented	1397	declaration	cyan	src/core/style.zig	44
documented	1476	declaration	magenta	src/core/style.zig	47
documented	1559	declaration	gray	src/core/style.zig	50
documented	1666	function	xterm256	src/core/style.zig	53
documented	2184	declaration	Attributes	src/core/style.zig	67
documented	2262	declaration	bold	src/core/style.zig	69
documented	2330	declaration	dim	src/core/style.zig	72
documented	2394	declaration	italic	src/core/style.zig	75
documented	2464	declaration	underline	src/core/style.zig	78
documented	2552	declaration	inverse	src/core/style.zig	81
documented	2629	declaration	strikethrough	src/core/style.zig	84
documented	2738	declaration	TextStyle	src/core/style.zig	87
documented	2855	member	foreground	src/core/style.zig	89
documented	2970	member	background	src/core/style.zig	92
documented	3051	member	attributes	src/core/style.zig	95
documented	3130	declaration	plain	src/core/style.zig	98
documented	3238	function	merging	src/core/style.zig	101
documented	3629	function	rgb	src/core/style.zig	106
documented	4427	declaration	BorderGlyphs	src/core/style.zig	122
documented	4498	member	top_left	src/core/style.zig	124
documented	4578	member	top	src/core/style.zig	126
documented	4633	member	top_right	src/core/style.zig	128
documented	4713	member	left	src/core/style.zig	130
documented	4789	member	right	src/core/style.zig	132
documented	4845	member	bottom_left	src/core/style.zig	134
documented	4931	member	bottom	src/core/style.zig	136
documented	4989	member	bottom_right	src/core/style.zig	138
documented	5098	declaration	BorderStyle	src/core/style.zig	141
documented	5174	member	single	src/core/style.zig	143
documented	5228	member	double	src/core/style.zig	146
documented	5297	member	rounded	src/core/style.zig	149
documented	5346	member	heavy	src/core/style.zig	152
documented	5410	member	ascii	src/core/style.zig	155
documented	5486	function	glyphs	src/core/style.zig	158
documented	6258	function	borderTitleWidth	src/core/style.zig	170
documented	6365	error	InvalidUtf8	src/core/style.zig	172
documented	327	declaration	Error	src/core/text.zig	7
documented	484	error	InvalidCharacter	src/core/text.zig	9
documented	597	error	TextTooLarge	src/core/text.zig	11
documented	698	declaration	Selection	src/core/text.zig	14
documented	789	member	anchor	src/core/text.zig	16
documented	875	member	head	src/core/text.zig	19
documented	952	function	collapsed	src/core/text.zig	22
documented	1120	function	clamped	src/core/text.zig	27
documented	1404	function	lower	src/core/text.zig	33
documented	1542	function	upper	src/core/text.zig	38
documented	1707	declaration	Movement	src/core/text.zig	43
documented	1787	member	left	src/core/text.zig	45
documented	1839	member	right	src/core/text.zig	47
documented	1887	member	home	src/core/text.zig	49
documented	1942	member	end	src/core/text.zig	51
documented	2035	function	move	src/core/text.zig	54
documented	2600	declaration	Edit	src/core/text.zig	65
documented	2720	member	value	src/core/text.zig	67
documented	2802	member	selection	src/core/text.zig	70
documented	2917	function	deinit	src/core/text.zig	73
documented	4016	function	insert	src/core/text.zig	96
documented	4417	declaration	Deletion	src/core/text.zig	102
documented	4488	member	backward	src/core/text.zig	104
documented	4541	member	forward	src/core/text.zig	106
documented	4628	function	delete	src/core/text.zig	109
documented	5281	function	acceptsCharacter	src/core/text.zig	119
documented	7467	function	clusterWidth	src/core/text.zig	156
documented	7623	error	InvalidCharacter	src/core/text.zig	158
documented	7838	function	displayWidth	src/core/text.zig	164
documented	8133	declaration	Wrapped	src/core/text.zig	171
documented	8231	member	lines	src/core/text.zig	173
documented	8339	function	deinit	src/core/text.zig	176
documented	11565	function	wrap	src/core/text.zig	250
documented	12459	function	size	src/core/text.zig	270
documented	314	declaration	version	src/core/unicode.zig	6
documented	405	declaration	Error	src/core/unicode.zig	8
documented	486	error	InvalidUtf8	src/core/unicode.zig	10
documented	594	member	other	src/core/unicode.zig	14
documented	659	member	cr	src/core/unicode.zig	16
documented	723	member	lf	src/core/unicode.zig	18
documented	782	member	control	src/core/unicode.zig	20
documented	852	member	extend	src/core/unicode.zig	22
documented	923	member	zwj	src/core/unicode.zig	24
documented	1001	member	regional_indicator	src/core/unicode.zig	26
documented	1088	member	prepend	src/core/unicode.zig	28
documented	1159	member	spacing_mark	src/core/unicode.zig	30
documented	1217	member	l	src/core/unicode.zig	32
documented	1252	member	v	src/core/unicode.zig	34
documented	1300	member	t	src/core/unicode.zig	36
documented	1352	member	lv	src/core/unicode.zig	38
documented	1414	member	lvt	src/core/unicode.zig	40
documented	1514	member	none	src/core/unicode.zig	44
documented	1583	member	consonant	src/core/unicode.zig	46
documented	1659	member	extend	src/core/unicode.zig	48
documented	1736	member	linker	src/core/unicode.zig	50
documented	2407	function	validate	src/core/unicode.zig	72
documented	2622	member	cp	src/core/unicode.zig	77
documented	2703	member	end	src/core/unicode.zig	79
documented	3122	member	previous	src/core/unicode.zig	89
documented	3211	member	ri_odd	src/core/unicode.zig	92
documented	3317	member	ep_extend	src/core/unicode.zig	95
documented	3416	member	zwj_from_ep	src/core/unicode.zig	98
documented	3519	member	indic_consonant	src/core/unicode.zig	101
documented	3624	member	indic_linker	src/core/unicode.zig	104
documented	5412	declaration	Graphemes	src/core/unicode.zig	142
documented	5546	member	bytes	src/core/unicode.zig	144
documented	5649	member	offset	src/core/unicode.zig	147
documented	5769	function	init	src/core/unicode.zig	150
documented	5992	function	next	src/core/unicode.zig	156
documented	6656	function	count	src/core/unicode.zig	173
documented	6906	function	isLetter	src/core/unicode.zig	180
documented	7185	function	isAlphabetic	src/core/unicode.zig	186
documented	7356	declaration	LowercaseMapping	src/core/unicode.zig	190
documented	7477	member	scalars	src/core/unicode.zig	192
documented	7580	member	len	src/core/unicode.zig	194
documented	7682	function	lowercaseMapping	src/core/unicode.zig	197
documented	8173	function	lowercased	src/core/unicode.zig	208
documented	424	declaration	Range	src/core/unicode/tables.zig	7
documented	502	member	lo	src/core/unicode/tables.zig	9
documented	561	member	hi	src/core/unicode/tables.zig	11
documented	640	member	value	src/core/unicode/tables.zig	13
documented	709	declaration	Lower	src/core/unicode/tables.zig	16
documented	770	member	cp	src/core/unicode/tables.zig	18
documented	854	member	scalars	src/core/unicode/tables.zig	20
documented	929	member	len	src/core/unicode/tables.zig	22
documented	1030	declaration	gcb	src/core/unicode/tables.zig	25
documented	70008	declaration	incb	src/core/unicode/tables.zig	1414
documented	93394	declaration	pictographic	src/core/unicode/tables.zig	1890
documented	101285	declaration	alphabetic	src/core/unicode/tables.zig	2049
documented	139215	declaration	lowercase	src/core/unicode/tables.zig	2818
documented	526	declaration	maximum_cell_count	src/draw/cells.zig	11
documented	659	declaration	Cell	src/draw/cells.zig	13
documented	778	member	glyph	src/draw/cells.zig	15
documented	874	member	style	src/draw/cells.zig	18
documented	993	member	continuation	src/draw/cells.zig	21
documented	1096	function	eql	src/draw/cells.zig	24
documented	1326	declaration	Plane	src/draw/cells.zig	29
documented	1450	member	cells	src/draw/cells.zig	31
documented	1559	member	glyphs	src/draw/cells.zig	34
documented	2178	declaration	ColorDepth	src/draw/cells.zig	51
documented	2295	member	unknown	src/draw/cells.zig	53
documented	2380	member	monochrome	src/draw/cells.zig	55
documented	2459	member	ansi16	src/draw/cells.zig	57
documented	2536	member	ansi256	src/draw/cells.zig	59
documented	2603	member	true_color	src/draw/cells.zig	61
documented	2713	function	normalized	src/draw/cells.zig	64
documented	3047	declaration	CellBuffer	src/draw/cells.zig	70
documented	3149	member	allocator	src/draw/cells.zig	72
documented	3236	member	size	src/draw/cells.zig	75
documented	3343	member	front	src/draw/cells.zig	78
documented	3440	member	back	src/draw/cells.zig	81
documented	3534	member	force_full	src/draw/cells.zig	84
documented	3641	member	color_depth	src/draw/cells.zig	87
documented	3790	function	init	src/draw/cells.zig	90
documented	4224	function	deinit	src/draw/cells.zig	99
documented	4457	function	resize	src/draw/cells.zig	105
documented	4750	function	resizeIfNeeded	src/draw/cells.zig	113
documented	5019	function	candidate	src/draw/cells.zig	117
documented	5636	function	clearBack	src/draw/cells.zig	132
documented	5826	function	promote	src/draw/cells.zig	138
documented	6268	function	cell	src/draw/cells.zig	148
documented	6895	function	put	src/draw/cells.zig	158
documented	7666	function	putText	src/draw/cells.zig	173
documented	8440	function	fill	src/draw/cells.zig	190
documented	9182	function	fillBackground	src/draw/cells.zig	208
documented	9614	function	rowChanged	src/draw/cells.zig	218
documented	10213	function	rowText	src/draw/cells.zig	229
documented	11148	declaration	Run	src/draw/cells.zig	250
documented	11227	member	row	src/draw/cells.zig	252
documented	11294	member	column	src/draw/cells.zig	254
documented	11399	member	width	src/draw/cells.zig	256
documented	11507	member	cells	src/draw/cells.zig	258
documented	11587	member	style	src/draw/cells.zig	260
documented	11714	declaration	Runs	src/draw/cells.zig	264
documented	11816	member	buffer	src/draw/cells.zig	266
documented	11925	member	offset	src/draw/cells.zig	269
documented	12049	function	next	src/draw/cells.zig	272
documented	12791	function	runs	src/draw/cells.zig	285
documented	474	declaration	HTMLSerializer	src/draw/html.zig	10
documented	706	function	serialize	src/draw/html.zig	13
documented	373	declaration	Error	src/draw/list.zig	9
documented	508	declaration	Command	src/draw/list.zig	11
documented	672	member	rect	src/draw/list.zig	15
documented	755	member	color	src/draw/list.zig	17
documented	598	member	fill	src/draw/list.zig	13
documented	930	member	at	src/draw/list.zig	23
documented	1020	member	style	src/draw/list.zig	25
documented	1136	member	value	src/draw/list.zig	27
documented	849	member	text	src/draw/list.zig	21
documented	1247	declaration	DrawList	src/draw/list.zig	31
documented	1361	member	arena	src/draw/list.zig	33
documented	1594	member	size	src/draw/list.zig	37
documented	1704	member	commands	src/draw/list.zig	40
documented	1824	function	deinit	src/draw/list.zig	43
documented	1982	function	init	src/draw/list.zig	48
documented	2593	function	from	src/draw/list.zig	61
documented	4170	function	encode	src/draw/list.zig	89
documented	5785	function	decode	src/draw/list.zig	121
documented	6683	declaration	DrawListSerializer	src/draw/list.zig	139
documented	6827	function	serialize	src/draw/list.zig	141
documented	7601	member	bytes	src/draw/list.zig	158
documented	7693	member	offset	src/draw/list.zig	161
documented	8391	member	size	src/draw/list.zig	177
documented	8504	member	count	src/draw/list.zig	179
documented	394	function	paint	src/draw/painter.zig	8
documented	759	declaration	AnsiPresenter	src/draw/presenters.zig	16
documented	888	function	prepare	src/draw/presenters.zig	18
documented	2484	function	promote	src/draw/presenters.zig	46
documented	2664	function	present	src/draw/presenters.zig	51
documented	3521	function	nearestAnsi16	src/draw/presenters.zig	72
documented	4337	declaration	Lines	src/draw/presenters.zig	89
documented	4439	member	items	src/draw/presenters.zig	91
documented	4547	function	deinit	src/draw/presenters.zig	94
documented	4789	declaration	StreamPresenter	src/draw/presenters.zig	101
documented	4935	function	prepare	src/draw/presenters.zig	103
documented	5704	function	promote	src/draw/presenters.zig	124
documented	5889	function	present	src/draw/presenters.zig	129
documented	725	declaration	Format	src/draw/pump.zig	13
documented	801	member	draw_list	src/draw/pump.zig	15
documented	870	member	html	src/draw/pump.zig	17
documented	951	member	ansi	src/draw/pump.zig	19
documented	1038	member	plain	src/draw/pump.zig	21
documented	1131	function	Implementation	src/draw/pump.zig	24
documented	1348	member	buffer	src/draw/pump.zig	29
documented	1482	member	format	src/draw/pump.zig	32
documented	1592	member	host	src/draw/pump.zig	35
documented	1716	function	init	src/draw/pump.zig	38
documented	1988	function	deinit	src/draw/pump.zig	43
documented	2185	function	advance	src/draw/pump.zig	49
documented	2562	function	advanceDelivered	src/draw/pump.zig	55
documented	3061	function	advanceNormalized	src/draw/pump.zig	61
documented	4487	member	owner	src/draw/pump.zig	81
documented	4601	member	size	src/draw/pump.zig	84
documented	4730	member	buffer	src/draw/pump.zig	87
documented	4877	member	lines	src/draw/pump.zig	90
documented	84	declaration	cells	src/draw/root.zig	2
documented	204	declaration	Cell	src/draw/root.zig	4
documented	312	declaration	CellBuffer	src/draw/root.zig	6
documented	434	declaration	paint	src/draw/root.zig	8
documented	569	declaration	DrawList	src/draw/root.zig	10
documented	679	declaration	DrawCommand	src/draw/root.zig	12
documented	819	declaration	AnsiPresenter	src/draw/root.zig	14
documented	961	declaration	StreamPresenter	src/draw/root.zig	16
documented	1106	declaration	HTMLSerializer	src/draw/root.zig	18
documented	1249	declaration	DrawListSerializer	src/draw/root.zig	20
documented	1387	declaration	Format	src/draw/root.zig	22
documented	469	error	OutOfMemory	src/mlir/root.zig	10
documented	546	function	lower	src/mlir/root.zig	13
documented	760	function	lowerLaid	src/mlir/root.zig	17
documented	1330	member	a	src/mlir/root.zig	32
documented	1438	member	out	src/mlir/root.zig	35
documented	201	declaration	Scope	src/plugins/capability.zig	4
documented	307	member	prefix	src/plugins/capability.zig	6
documented	402	member	writable	src/plugins/capability.zig	9
documented	531	function	permits	src/plugins/capability.zig	12
documented	1493	declaration	Capability	src/plugins/capability.zig	29
documented	1598	member	log	src/plugins/capability.zig	31
documented	1661	member	clock	src/plugins/capability.zig	34
documented	1750	member	filesystem	src/plugins/capability.zig	37
documented	1844	function	eql	src/plugins/capability.zig	40
documented	2249	declaration	Grant	src/plugins/capability.zig	49
documented	2355	member	id	src/plugins/capability.zig	51
documented	2451	member	capabilities	src/plugins/capability.zig	53
documented	2565	declaration	Grants	src/plugins/capability.zig	56
documented	2665	member	entries	src/plugins/capability.zig	58
documented	2801	function	permits	src/plugins/capability.zig	61
documented	557	declaration	Error	src/plugins/handles.zig	10
documented	673	declaration	Services	src/plugins/handles.zig	12
documented	795	member	userdata	src/plugins/handles.zig	14
documented	910	member	log	src/plugins/handles.zig	17
documented	1067	member	clock	src/plugins/handles.zig	20
documented	1211	member	read	src/plugins/handles.zig	23
documented	1387	member	write	src/plugins/handles.zig	26
documented	1580	function	available	src/plugins/handles.zig	29
documented	1946	declaration	Invalidation	src/plugins/handles.zig	38
documented	2072	member	userdata	src/plugins/handles.zig	40
documented	2182	member	notify	src/plugins/handles.zig	43
documented	2301	member	check	src/plugins/handles.zig	46
documented	2452	function	preflight	src/plugins/handles.zig	49
documented	2656	function	call	src/plugins/handles.zig	54
documented	2927	function	host	src/plugins/handles.zig	60
documented	3531	member	source	src/plugins/handles.zig	74
documented	3643	member	token	src/plugins/handles.zig	77
documented	3744	member	attached	src/plugins/handles.zig	80
documented	3849	member	active	src/plugins/handles.zig	83
documented	3942	member	cancel	src/plugins/handles.zig	86
documented	4094	member	check	src/plugins/handles.zig	89
documented	4232	member	can_cancel	src/plugins/handles.zig	92
documented	4391	declaration	Lease	src/plugins/handles.zig	95
documented	4510	member	allocator	src/plugins/handles.zig	97
documented	4616	member	executor	src/plugins/handles.zig	100
documented	4707	member	id	src/plugins/handles.zig	103
documented	4805	member	active	src/plugins/handles.zig	106
documented	4914	member	editing	src/plugins/handles.zig	109
documented	5011	member	servicing	src/plugins/handles.zig	112
documented	5120	member	borrowing_payload	src/plugins/handles.zig	115
documented	5244	member	payload	src/plugins/handles.zig	118
documented	5357	member	payload_type	src/plugins/handles.zig	121
documented	5470	member	services	src/plugins/handles.zig	124
documented	5564	member	invalidation	src/plugins/handles.zig	127
documented	5686	member	capabilities	src/plugins/handles.zig	130
documented	5816	member	observations	src/plugins/handles.zig	133
documented	5936	member	runtime	src/plugins/handles.zig	136
documented	6029	member	enter	src/plugins/handles.zig	139
documented	6136	member	leave	src/plugins/handles.zig	142
documented	6275	function	check	src/plugins/handles.zig	145
documented	6487	function	detachCheck	src/plugins/handles.zig	151
documented	6702	function	cancelCheck	src/plugins/handles.zig	156
documented	6929	function	cancelInternal	src/plugins/handles.zig	161
documented	7225	declaration	Context	src/plugins/handles.zig	169
documented	7349	member	lease	src/plugins/handles.zig	171
documented	7561	function	withPlugin	src/plugins/handles.zig	174
documented	8173	function	pluginID	src/plugins/handles.zig	186
documented	8364	function	invalidate	src/plugins/handles.zig	192
documented	8748	function	log	src/plugins/handles.zig	203
documented	9044	function	clock	src/plugins/handles.zig	210
documented	9330	function	filesystem	src/plugins/handles.zig	217
documented	9606	function	cancelAll	src/plugins/handles.zig	224
documented	9964	function	observe	src/plugins/handles.zig	234
documented	12467	declaration	LogAccess	src/plugins/handles.zig	284
documented	12585	member	context	src/plugins/handles.zig	286
documented	12708	function	write	src/plugins/handles.zig	289
documented	13135	declaration	ClockAccess	src/plugins/handles.zig	298
documented	13243	member	context	src/plugins/handles.zig	300
documented	13344	function	nowMillis	src/plugins/handles.zig	303
documented	13767	declaration	FilesystemAccess	src/plugins/handles.zig	312
documented	13887	member	context	src/plugins/handles.zig	314
documented	14415	function	read	src/plugins/handles.zig	323
documented	14912	function	write	src/plugins/handles.zig	332
documented	15381	declaration	Command	src/plugins/handles.zig	341
documented	15471	member	context	src/plugins/handles.zig	343
documented	15558	member	id	src/plugins/handles.zig	346
documented	15647	member	title	src/plugins/handles.zig	349
documented	15771	member	action	src/plugins/handles.zig	352
documented	15907	function	perform	src/plugins/handles.zig	355
documented	16218	function	wrapAction	src/plugins/handles.zig	364
documented	16422	member	context	src/plugins/handles.zig	367
documented	16536	member	action	src/plugins/handles.zig	369
documented	17191	function	canonical	src/plugins/handles.zig	385
documented	87	declaration	Scope	src/plugins/root.zig	2
documented	197	declaration	Capability	src/plugins/root.zig	4
documented	335	declaration	Grant	src/plugins/root.zig	6
documented	454	declaration	Grants	src/plugins/root.zig	8
documented	589	declaration	Services	src/plugins/root.zig	10
documented	711	declaration	Invalidation	src/plugins/root.zig	12
documented	858	declaration	Context	src/plugins/root.zig	14
documented	991	declaration	LogAccess	src/plugins/root.zig	16
documented	1097	declaration	ClockAccess	src/plugins/root.zig	18
documented	1232	declaration	FilesystemAccess	src/plugins/root.zig	20
documented	1384	declaration	Command	src/plugins/root.zig	22
documented	1514	declaration	Manifest	src/plugins/root.zig	24
documented	1645	declaration	CommandDefinition	src/plugins/root.zig	26
documented	1799	declaration	SceneDefinition	src/plugins/root.zig	28
documented	1949	declaration	Scene	src/plugins/root.zig	30
documented	2071	declaration	Implementation	src/plugins/root.zig	32
documented	1382	declaration	Manifest	src/plugins/runtime.zig	20
documented	1497	member	id	src/plugins/runtime.zig	22
documented	1688	member	major	src/plugins/runtime.zig	26
documented	1776	member	minor	src/plugins/runtime.zig	28
documented	1864	member	patch	src/plugins/runtime.zig	30
documented	1598	member	version	src/plugins/runtime.zig	24
documented	1975	member	abi	src/plugins/runtime.zig	33
documented	2073	member	requires	src/plugins/runtime.zig	35
documented	2184	member	optional	src/plugins/runtime.zig	37
documented	2315	declaration	CommandDefinition	src/plugins/runtime.zig	40
documented	2444	member	id	src/plugins/runtime.zig	42
documented	2531	member	title	src/plugins/runtime.zig	44
documented	2636	member	action	src/plugins/runtime.zig	46
documented	2765	declaration	SceneDefinition	src/plugins/runtime.zig	49
documented	2890	member	name	src/plugins/runtime.zig	51
documented	2992	member	title	src/plugins/runtime.zig	54
documented	3095	member	role	src/plugins/runtime.zig	57
documented	3203	member	size	src/plugins/runtime.zig	60
documented	3354	member	resizable	src/plugins/runtime.zig	63
documented	3480	member	render	src/plugins/runtime.zig	66
documented	3626	declaration	Scene	src/plugins/runtime.zig	69
documented	3726	member	context	src/plugins/runtime.zig	71
documented	3813	member	id	src/plugins/runtime.zig	74
documented	3903	member	title	src/plugins/runtime.zig	77
documented	3999	member	size	src/plugins/runtime.zig	80
documented	4104	member	resizable	src/plugins/runtime.zig	83
documented	4210	member	render_fn	src/plugins/runtime.zig	86
documented	4443	function	descriptor	src/plugins/runtime.zig	89
documented	4899	function	render	src/plugins/runtime.zig	97
documented	5652	member	context	src/plugins/runtime.zig	114
documented	5752	member	original	src/plugins/runtime.zig	117
documented	5854	member	ctx	src/plugins/runtime.zig	120
documented	6010	member	lease	src/plugins/runtime.zig	123
documented	6117	member	previous	src/plugins/runtime.zig	126
documented	7191	member	context	src/plugins/runtime.zig	148
documented	7318	member	action	src/plugins/runtime.zig	150
documented	9031	function	Implementation	src/plugins/runtime.zig	179
documented	9274	member	lease	src/plugins/runtime.zig	184
documented	9408	member	arena	src/plugins/runtime.zig	187
documented	9548	member	payload	src/plugins/runtime.zig	190
documented	9690	member	deactivate	src/plugins/runtime.zig	193
documented	9840	member	release	src/plugins/runtime.zig	196
documented	10012	member	render_fn	src/plugins/runtime.zig	199
documented	10218	member	commands	src/plugins/runtime.zig	202
documented	10339	member	scenes	src/plugins/runtime.zig	205
documented	10463	member	identity	src/plugins/runtime.zig	208
documented	10614	member	id	src/plugins/runtime.zig	212
documented	10743	member	slot	src/plugins/runtime.zig	214
documented	10855	member	allocator	src/plugins/runtime.zig	218
documented	10990	member	guard	src/plugins/runtime.zig	221
documented	11097	member	busy	src/plugins/runtime.zig	224
documented	11209	member	storage	src/plugins/runtime.zig	227
documented	11321	member	grants	src/plugins/runtime.zig	230
documented	11435	member	services	src/plugins/runtime.zig	233
documented	11549	member	invalidation	src/plugins/runtime.zig	236
documented	11652	member	entries	src/plugins/runtime.zig	239
documented	11802	member	all	src/plugins/runtime.zig	242
documented	11942	member	identities	src/plugins/runtime.zig	245
documented	12089	function	create	src/plugins/runtime.zig	247
documented	13012	function	setInvalidation	src/plugins/runtime.zig	260
documented	14124	function	install	src/plugins/runtime.zig	287
documented	19299	function	uninstall	src/plugins/runtime.zig	370
documented	20189	function	destroy	src/plugins/runtime.zig	393
documented	21018	function	commands	src/plugins/runtime.zig	413
documented	21513	function	contributedScenes	src/plugins/runtime.zig	423
documented	22078	function	installed	src/plugins/runtime.zig	434
documented	22601	function	render	src/plugins/runtime.zig	444
documented	190	declaration	geometry	src/root.zig	5
documented	311	declaration	NodeID	src/root.zig	7
documented	441	declaration	unicode	src/root.zig	9
documented	561	declaration	text	src/root.zig	11
documented	677	declaration	maximum_cell_count	src/root.zig	14
documented	839	function	checkedCellCount	src/root.zig	17
documented	982	error	FrameTooLarge	src/root.zig	19
documented	1728	declaration	style	src/root.zig	35
documented	1831	declaration	Color	src/root.zig	37
documented	1930	declaration	TextStyle	src/root.zig	39
documented	2044	declaration	rgb	src/root.zig	41
documented	2146	declaration	Node	src/root.zig	43
documented	2265	declaration	context	src/root.zig	45
documented	2369	declaration	Error	src/root.zig	47
documented	2478	declaration	BuildContext	src/root.zig	49
documented	2616	declaration	FrameStorage	src/root.zig	51
documented	2738	declaration	composition	src/root.zig	53
documented	2866	declaration	authoring	src/root.zig	55
documented	2995	declaration	scenes	src/root.zig	57
documented	3374	function	Host	src/root.zig	62
documented	3562	function	Signal	src/root.zig	66
documented	3756	declaration	StateRef	src/root.zig	70
documented	3882	declaration	SignalRef	src/root.zig	72
documented	4023	declaration	String	src/root.zig	74
documented	4148	declaration	Completion	src/root.zig	76
documented	4287	declaration	FailureExitCode	src/root.zig	78
documented	4432	declaration	Lifecycle	src/root.zig	80
documented	4580	declaration	Event	src/root.zig	82
documented	4717	declaration	Key	src/root.zig	84
documented	4833	declaration	SubscriptionToken	src/root.zig	86
documented	4968	declaration	GamepadButton	src/root.zig	88
documented	5116	declaration	layout	src/root.zig	90
documented	5240	function	HostPump	src/root.zig	92
documented	5415	declaration	draw	src/root.zig	96
documented	5546	function	DrawingPump	src/root.zig	98
documented	5752	declaration	plugins	src/root.zig	103
documented	5881	declaration	PluginRuntime	src/root.zig	105
documented	6023	declaration	HostedServices	src/root.zig	107
documented	6250	declaration	tui	src/root.zig	110
documented	6448	declaration	abi	src/root.zig	113
documented	6556	declaration	mlir	src/root.zig	116
documented	542	declaration	HostedServices	src/services/hosted.zig	9
documented	661	member	io	src/services/hosted.zig	11
documented	770	member	guard	src/services/hosted.zig	14
documented	879	member	busy	src/services/hosted.zig	17
documented	967	member	limits	src/services/hosted.zig	20
documented	1070	member	clock_available	src/services/hosted.zig	23
documented	1182	declaration	Limits	src/services/hosted.zig	26
documented	1316	member	read_bytes	src/services/hosted.zig	28
documented	1413	member	write_bytes	src/services/hosted.zig	30
documented	1528	member	log_bytes	src/services/hosted.zig	32
documented	1630	member	path_bytes	src/services/hosted.zig	34
documented	1752	function	init	src/services/hosted.zig	37
documented	2318	function	services	src/services/hosted.zig	43
documented	3521	function	timestampMillis	src/services/hosted.zig	67
documented	272	declaration	NativeGuard	src/services/native_guard.zig	6
documented	387	member	id	src/services/native_guard.zig	8
documented	502	function	init	src/services/native_guard.zig	11
documented	796	function	check	src/services/native_guard.zig	17
documented	443	declaration	Decoder	src/tui/decoder.zig	8
documented	563	declaration	capacity	src/tui/decoder.zig	10
documented	673	member	bytes	src/tui/decoder.zig	13
documented	792	member	len	src/tui/decoder.zig	16
documented	904	member	started	src/tui/decoder.zig	19
documented	1021	member	scalar	src/tui/decoder.zig	22
documented	1144	function	feed	src/tui/decoder.zig	25
documented	1287	error	InputFull	src/tui/decoder.zig	27
documented	2384	function	next	src/tui/decoder.zig	52
documented	112	declaration	Decoder	src/tui/root.zig	3
documented	241	declaration	Mode	src/tui/root.zig	5
documented	364	member	plain	src/tui/root.zig	7
documented	452	member	interactive	src/tui/root.zig	9
documented	529	declaration	default_size	src/tui/root.zig	12
documented	711	function	select	src/tui/root.zig	14
documented	1106	declaration	Terminal	src/tui/root.zig	24
documented	1295	declaration	Surface	src/tui/root.zig	26
documented	1416	declaration	Result	src/tui/root.zig	28
documented	1554	declaration	run	src/tui/root.zig	30
documented	1682	declaration	runAdaptive	src/tui/root.zig	32
documented	681	declaration	Result	src/tui/runtime.zig	12
documented	798	member	completion	src/tui/runtime.zig	14
documented	904	member	declared	src/tui/runtime.zig	16
documented	1012	function	run	src/tui/runtime.zig	19
documented	3067	declaration	Surface	src/tui/runtime.zig	57
documented	3179	member	io	src/tui/runtime.zig	59
documented	3288	member	guard	src/tui/runtime.zig	62
documented	3371	member	mode	src/tui/runtime.zig	65
documented	3476	member	output	src/tui/runtime.zig	68
documented	3579	member	input	src/tui/runtime.zig	71
documented	3703	member	terminal	src/tui/runtime.zig	74
documented	3936	member	dispositions	src/tui/runtime.zig	77
documented	4191	member	begun	src/tui/runtime.zig	80
documented	4326	function	init	src/tui/runtime.zig	83
documented	4572	function	adaptive	src/tui/runtime.zig	88
documented	4900	function	waitsForInput	src/tui/runtime.zig	94
documented	5215	function	begin	src/tui/runtime.zig	100
documented	5949	function	end	src/tui/runtime.zig	117
documented	6366	function	extent	src/tui/runtime.zig	128
documented	6693	function	next	src/tui/runtime.zig	135
documented	7034	function	write	src/tui/runtime.zig	142
documented	7591	function	runAdaptive	src/tui/runtime.zig	152
documented	1045	declaration	acquisition_limit	src/tui/terminal.zig	19
documented	1268	member	installing	src/tui/terminal.zig	24
documented	1361	member	active	src/tui/terminal.zig	26
documented	1441	member	rescuing	src/tui/terminal.zig	28
documented	1530	member	closing	src/tui/terminal.zig	30
documented	1616	member	restored	src/tui/terminal.zig	32
documented	1743	member	readers	src/tui/terminal.zig	36
documented	1853	member	phase	src/tui/terminal.zig	39
documented	1973	member	pending	src/tui/terminal.zig	42
documented	2083	member	resized	src/tui/terminal.zig	45
documented	2201	member	fd	src/tui/terminal.zig	48
documented	2286	member	saved	src/tui/terminal.zig	51
documented	2389	member	old	src/tui/terminal.zig	54
documented	2508	member	installed	src/tui/terminal.zig	57
documented	6729	function	stdoutIsTerminal	src/tui/terminal.zig	156
documented	6946	declaration	Terminal	src/tui/terminal.zig	161
documented	7058	declaration	TestHooks	src/tui/terminal.zig	163
documented	7207	declaration	before_replace	src/tui/terminal.zig	165
documented	7360	declaration	after_replace	src/tui/terminal.zig	168
documented	7541	declaration	max_acquisitions	src/tui/terminal.zig	172
documented	7685	declaration	rescue_storage_bytes	src/tui/terminal.zig	175
documented	8077	declaration	Disposition	src/tui/terminal.zig	180
documented	8201	member	signal	src/tui/terminal.zig	182
documented	8314	member	action	src/tui/terminal.zig	184
documented	8439	member	guard	src/tui/terminal.zig	188
documented	8551	member	slot	src/tui/terminal.zig	191
documented	8650	member	output	src/tui/terminal.zig	194
documented	8749	member	flags	src/tui/terminal.zig	197
documented	8847	member	io	src/tui/terminal.zig	200
documented	8950	member	closed	src/tui/terminal.zig	203
documented	9061	member	decoder	src/tui/terminal.zig	206
documented	9271	function	acquire	src/tui/terminal.zig	209
documented	9566	function	acquireWithActions	src/tui/terminal.zig	214
documented	14791	function	close	src/tui/terminal.zig	313
documented	16267	function	size	src/tui/terminal.zig	341
documented	17065	function	write	src/tui/terminal.zig	354
documented	18164	function	next	src/tui/terminal.zig	379
